id;queue_name;date_demande;etat_queue
1;Industrial;2019-05-25T03:01:08;PREDEMANDE
2;National Awesome sky blue;2019-05-25T22:08:53;PREDEMANDE
3;Louisiana Specialist Home Loan Account;2019-05-25T16:36:35;PREDEMANDE
4;Small;2019-05-24T23:32:55;PREDEMANDE
5;Jewelery;2019-05-25T18:27:41;PREDEMANDE
6;world-class Frozen IB;2019-05-25T08:16:29;PREDEMANDE
7;payment;2019-05-25T09:02:34;PREDEMANDE
8;Frozen bus;2019-05-25T04:58:30;PREDEMANDE
9;system Small;2019-05-25T12:41:23;PREDEMANDE
10;withdrawal knowledge base Buckinghamshire;2019-05-25T01:27:08;PREDEMANDE
